Event_id,Country
FL-2008-000035-PRY,Paraguay
FL-2023-000217-PRY,Paraguay
Paraguay: Floods - Jun 1995,Paraguay
FL-2018-000419-PRY,Paraguay
FL-2012-000056-PRY,Paraguay
FL-2014-000030-PRY,Paraguay
FL-1997-000299-PRY,Paraguay
FL-2019-000033-PRY,Paraguay
name=Paraguay: Floods - Mar 1995,Paraguay
FL-2013-000076-PRY,Paraguay
subject,Paraguay
FL-2015-000171-PRY,Paraguay
FL-2002-000296-PRY,Paraguay
ST-2015-000041-PRY,Paraguay
FL-2023-000041-PRY,Paraguay
FL-2009-000226-PRY,Paraguay
name=Paraguay: Floods - Feb 1990,Paraguay
FL-2021-000213-STP,Sao Tome
FL-2021-000213-STP,Principe
FL-2019-000034-BOL,Bolivia Plurinational State of
FL-2018-000015-BOL,Bolivia Plurinational State of
FL-2007-000012-BOL,Bolivia Plurinational State of
FL-2001-000029-BOL,Bolivia Plurinational State of
FL-2006-000010-BOL,Bolivia Plurinational State of
FL-2007-000231-BOL,Bolivia Plurinational State of
FL-2015-000008-BOL,Bolivia Plurinational State of
FL-2024-000021-BOL,Bolivia Plurinational State of
FL-2000-000130-BOL,Bolivia Plurinational State of
FL-2019-000032-BOL,Bolivia Plurinational State of
FL-2003-000621-BOL,Bolivia Plurinational State of
FL-2013-000020-BOL,Bolivia Plurinational State of
FL-2011-000020-BOL,Bolivia Plurinational State of
FL-2010-000008-BOL,Bolivia Plurinational State of
FL-2002-000110-BOL,Bolivia Plurinational State of
Bolivia: Chapare River Floods - Jan 1987,Bolivia Plurinational State of
FL-1997-000022-BOL,Bolivia Plurinational State of
Bolivia: Floods - Jan 1986,Bolivia Plurinational State of
Bolivia: Landslides/Floods - Mar 1994,Bolivia Plurinational State of
FL-2009-000045-BOL,Bolivia Plurinational State of
subject,Bolivia Plurinational State of
FL-2014-000008-BOL,Bolivia Plurinational State of
FL-2003-000012-BOL,Bolivia Plurinational State of
FL-2012-000005-BOL,Bolivia Plurinational State of
FL-2025-000038-BOL,Bolivia Plurinational State of
FL-2019-000079-BGD,Bangladesh
FL-2023-000157-BGD,Bangladesh
Bangladesh: Floods - Jul 1996,Bangladesh
FL-2020-000161-BGD,Bangladesh
FL-2007-000129-PAK,Bangladesh
Bangladesh: Floods - Jul 1993,Bangladesh
FL-1998-000203-BGD,Bangladesh
FL-2014-000117-BGD,Bangladesh
Bangladesh: Floods - Jul 1999,Bangladesh
FL-2005-000176-BGD,Bangladesh
FL-2011-000093-BGD,Bangladesh
FL-2008-000096-BGD,Bangladesh
FL-2021-000097-BGD,Bangladesh
FL-2006-000131-BGD,Bangladesh
FL-2000-000617-BGD,Bangladesh
FL-2015-000068-BGD,Bangladesh
subject,Bangladesh
Bangladesh: Floods - Aug 1988,Bangladesh
FF-2007-000080-BGD,Bangladesh
Bangladesh: Floods - Aug 1986,Bangladesh
Bangladesh: Floods - Jun 1993,Bangladesh
FL-2004-000044-BGD,Bangladesh
FL-1997-000164-BGD,Bangladesh
FL-2016-000075-BGD,Bangladesh
Bangladesh: Floods - Jul 1988,Bangladesh
FL-2010-000114-BGD,Bangladesh
Bangladesh: Floods - Sep 1986,Bangladesh
Bangladesh: Floods - Aug 1989,Bangladesh
FL-2009-000123-BGD,Bangladesh
FL-2018-000105-BGD,Bangladesh
FL-2002-000402-BGD,Bangladesh
FL-2002-000536-MMR,Bangladesh
Bangladesh: Floods - Jul 1991,Bangladesh
Bangladesh: Floods - May 1984,Bangladesh
FL-2012-000106-BGD,Bangladesh
FL-2024-000088-BGD,Bangladesh
FL-2022-000217-BGD,Bangladesh
FL-2006-000092-KOR,Republic of Korea
FL-2001-000335-KOR,Republic of Korea
FL-1999-000247-KOR,Republic of Korea
FL-1998-000219-KOR,Republic of Korea
subject,Türkiye
FL-2009-000190-TUR,Türkiye
FL-2006-000156-TUR,Türkiye
Turkey: Floods - Nov 1995,Türkiye
FL-1998-000255-TUR,Türkiye
FL-2023-000040-TUR,Türkiye
FF-2009-000159-PAK,Pakistan
FL-2020-000185-PAK,Pakistan
FF-2008-000123-PAK,Pakistan
FL-2010-000141-PAK,Pakistan
FF-2012-000148-PAK,Pakistan
FF-2013-000090-PAK,Pakistan
FL-2015-000017-PAK,Pakistan
Pakistan: Floods - Aug 1996,Pakistan
FL-1998-000048-PAK,Pakistan
FL-2019-000087-PAK,Pakistan
FL-2017-000017-PAK,Pakistan
Pakistan: Floods - Jul 1993,Pakistan
FL-2014-000122-PAK,Pakistan
FL-1992-000008-PAK,Pakistan
FF-2007-000082-PAK,Pakistan
Pakistan: Floods - Feb 1991,Pakistan
FL-2003-000359-PAK,Pakistan
FL-2016-000066-PAK,Pakistan
FL-2022-000254-PAK,Pakistan
FL-2024-000118-PAK,Pakistan
FL-2016-000021-PAK,Pakistan
FL-2005-000108-PAK,Pakistan
FL-2024-000020-PAK,Pakistan
FL-2023-000119-PAK,Pakistan
FL-2001-000376-PAK,Pakistan
FL-2011-000109-PAK,Pakistan
FL-2009-000139-PAK,Pakistan
FL-2005-000038-MDG,Madagascar
ST-2022-000138-MDG,Madagascar
2012-000020-MDG,Madagascar
FL-2020-000019-MDG,Madagascar
FL-2003-000037-MDG,Madagascar
FL-2013-000004-KEN,Kenya
FL-2009-000218-KEN,Kenya
FL-2024-000045-KEN,Kenya
FL-2011-000115-KEN,Kenya
FL-2002-000265-KEN,Kenya
FL-2010-000003-KEN,Kenya
FL-2004-000020-KEN,Kenya
FF-2012-000062-KEN,Kenya
FL-2008-000217-KEN,Kenya
FL-2015-000169-KEN,Kenya
FL-2021-000038-KEN,Kenya
FL-2023-000216-KEN,Kenya
FL-2013-000038-KEN,Kenya
FL-1997-000255-KEN,Kenya
FL-2020-000128-KEN,Kenya
FF-2023-000051-KEN,Kenya
FL-2019-000138-KEN,Kenya
FL-2007-000139-KEN,Kenya
FF-2008-000092-KEN,Kenya
FL-2007-000076-KEN,Kenya
FF-2018-000030-KEN,Kenya
FL-2010-000174-KEN,Kenya
FF-2006-000046-KEN,Kenya
FL-2016-000042-KEN,Kenya
FL-2007-000221-KEN,Kenya
FL-2025-000045-COD,Democratic Republic of the Congo
FL-2024-000009-COD,Democratic Republic of the Congo
FL-1999-000531-COD,Democratic Republic of the Congo
FL-2012-000192-COD,Democratic Republic of the Congo
ST-2012-000064-COD,Democratic Republic of the Congo
FL-2010-000062-COD,Democratic Republic of the Congo
FL-2020-000052-COD,Democratic Republic of the Congo
subject,Democratic Republic of the Congo
FL-2010-000151-COD,Democratic Republic of the Congo
FL-2006-000047-COD,Democratic Republic of the Congo
FL-2016-000124-COD,Democratic Republic of the Congo
FL-2015-000164-COD,Democratic Republic of the Congo
FL-1997-000295-COD,Democratic Republic of the Congo
FL-2011-000187-COD,Democratic Republic of the Congo
FL-2022-000376-COD,Democratic Republic of the Congo
FL-2018-000004-COD,Democratic Republic of the Congo
FL-2007-000197-COD,Democratic Republic of the Congo
FL-2020-000206-COD,Democratic Republic of the Congo
FL-2019-000153-COD,Democratic Republic of the Congo
FF-2008-000186-COD,Democratic Republic of the Congo
FL-2023-000067-COD,Democratic Republic of the Congo
FL-2019-000020-COL,Colombia
FL-2015-000056-COL,Colombia
FL-2003-000578-COL,Colombia
FL-2023-000232-COL,Colombia
FL-2008-000197-COL,Colombia
1987-07-01-CO-Flood,Colombia
subject,Colombia
FL-2013-000145-COL,Colombia
FL-2010-000076-COL,Colombia
FL-2005-000020-COL,Colombia
FL-2007-000068-COL,Colombia
FL-2020-000242-COL,Colombia
FL-2009-000241-COL,Colombia
FL-2008-000076-COL,Colombia
1986-07-01T00:00:00+00:00,Colombia
FL-2012-000183-COL,Colombia
name=Colombia: Floods and Landslides - Mar-Jul 2014,Colombia
LS-2010-000190-COL,Colombia
FL-2018-000058-COL,Colombia
FL-2006-000044-COL,Colombia
FL-2013-000030-COL,Colombia
FL-2014-000004-COL,Colombia
FL-2012-000042-COL,Colombia
FL-2014-000163-COL,Colombia
1996-07-01-CO-Flood,Colombia
FL-2000-000265-COL,Colombia
FL-2011-000170-COL,Colombia
OT-2004-000112-COL,Colombia
FL-2024-000117-COL,Colombia
FL-2011-000042-COL,Colombia
FL-2005-000017-VEN,Colombia
FL-2024-000214-COL,Colombia
1988-08-01T00:00:00+00:00,Colombia
FL-2004-000021-COL,Colombia
FL-2005-000194-COL,Colombia
FL-2016-000060-IND,India
FL-2001-000332-IND,India
FL-2017-000064-IND,India
FL-2024-000109-IND,India
FL-2009-000217-IND,India
IND-2018-000413,India
FL-2023-000104-IND,India
FL-2000-000444-IND,India
FL-1999-000213-IND,India
FL-2010-000249-IND,India
FL-2006-000070-IND,India
FL-2014-000089-IND,India
FL-2003-000316-IND,India
India: Floods - Jun 1994,India
FL-1998-000392-IND,India
FL-1997-000337-IND,India
India-Manipur: Floods - Apr 2004,India
FL-2015-000064-IND,India
FL-1999-000371-IND,India
India: Floods - Aug 2003,India
FL-2005-000104-IND,India
India: Floods - Nov 1992,India
FL-2020-000164-IND,India
FL-2002-000374-IND,India
FL-2022-000213-IND,India
FL-2012-000110-IND,India
India: Floods - Jun 1996,India
FL-2008-000089-IND,India
FF-2007-000083-IND,India
India: Floods - Aug 1988,India
FL-2010-000125-IND,India
FL-2011-000084-IND,India
FL-2009-000122-IND,India
FL-2021-000161-IND,India
FL-2005-000182-IND,India
India: Floods - Oct 1996,India
India: Floods - Jul 1993,India
FL-2013-000070-IND,India
FL-2018-000134-IND,India
FL-2019-000084-IND,India
India: Floods - Oct 1988,India
India: Floods - Aug 1989,India
FF-2020-000055-SOM,Somalia
FL-2023-000190-SOM,Somalia
FF-2018-000041-SOM,Somalia
FL-2015-000145-SOM,Somalia
FF-2020-000221-SOM,Somalia
FF-2025-000055-SOM,Somalia
FL-2008-000091-SOM,Somalia
FL-1997-000265-SOM,Somalia
FL-2016-000046-SOM,Somalia
subject,Somalia
FL-2013-000141-SOM,Somalia
FF-2009-000229-SOM,Somalia
FL-2015-000040-SOM,Somalia
FL-2021-000051-SOM,Somalia
FL-2008-000185-SOM,Somalia
FL-2012-000173-SOM,Somalia
FL-2014-000150-SOM,Somalia
FL-2024-000055-SOM,Somalia
FL-2010-000041-SOM,Somalia
FL-2011-000161-SOM,Somalia
FF-2023-000044-SOM,Somalia
FL-2019-000133-SOM,Somalia
FL-2013-000052-SOM,Somalia
subject,Costa Rica
FL-2008-000191-CRI,Costa Rica
FL-2005-000166-CRI,Costa Rica
FL-2002-000755-CRI,Costa Rica
FL-2005-000001-CRI,Costa Rica
FL-2007-000176-CRI,Costa Rica
FL-2015-000079-CRI,Costa Rica
FL-1999-000350-CRI,Costa Rica
FL-2004-000023-CRI,Costa Rica
FL-2008-000232-CRI,Costa Rica
1,Costa Rica
FL-2021-000092-CRI,Costa Rica
FL-2024-000215-CRI,Costa Rica
FL-2002-000263-CRI,Costa Rica
1993-12-01T00:00:00+00:00,Costa Rica
FL-2010-000251-CRI,Costa Rica
FL-2004-000120-CRI,Costa Rica
FL-2012-000126-PAN,Costa Rica
FL-2018-000165-CRI,Costa Rica
FL-2022-000348-CRI,Costa Rica
name=Costa Rica: Floods - Feb 1988,Costa Rica
FL-2009-000039-CRI,Costa Rica
FL-2005-000081-CHN,China
FL-2004-000094-CHN,China
China: Floods - May 1987,China
1,China
FL-2003-000331-CHN,China
China: Floods - Jun 1990,China
China: Floods - Jul 2018,China
FL-2013-000054-CHN,China
China: Floods in Shanxi Province - Aug 1988,China
FL-2003-000227-CHN,China
ST-2010-000085-CHN,China
China: Floods - Aug 1985,China
FL-2004-000031-CHN,China
FF-2008-000072-CHN,China
FL-2011-000059-CHN,China
FF-2007-000070-CHN,China
FL-1998-000165-CHN,China
FL-2007-000077-CHN,China
FL-2017-000075-CHN,China
FL-2000-000302-CHN,China
name=China: Floods and Landslides - Jul 1989,China
subject,China
FL-2006-000068-CHN,China
FL-2004-000043-IND,China
FL-1997-000144-CHN,China
name=China: Floods in Zhejiang Province - Aug 1988,China
FL-1991-000011-CHN,China
FL-2009-000113-CHN,China
FL-2016-000044-CHN,China
ST-2012-000077-CHN,China
FL-2002-000350-CHN,China
FL-1999-000651-CHN,China
China: Floods - May 1988,China
China: Floods - Jun 1994,China
FL-2013-000125-BFA,Burkina Faso
FL-2003-000389-BFA,Burkina Faso
FL-2015-000106-BFA,Burkina Faso
FL-2009-000172-BFA,Burkina Faso
FL-2017-000054-BFA,Burkina Faso
FL-2008-000074-BFA,Burkina Faso
FL-2012-000200-BFA,Burkina Faso
FL-2007-000132-BFA,Burkina Faso
Burkina Faso: Floods - Sep 1988,Burkina Faso
FL-2016-000080-BFA,Burkina Faso
FL-2007-000153-GHA,Burkina Faso
FL-2020-000200-BFA,Burkina Faso
FL-2024-000123-BFA,Burkina Faso
FL-2006-000120-BFA,Burkina Faso
FL-2023-000249-AGO,Angola
FL-2010-000242-AGO,Angola
FL-2005-000051-AGO,Angola
FL-2001-000146-AGO,Angola
FL-2007-000011-ZMB,Angola
FL-2009-000268-AGO,Angola
FL-2010-000046-MOZ,Angola
FL-2011-000007-ZAF,Angola
FL-2000-000002-AGO,Angola
FL-2011-000190-AGO,Angola
FL-2010-000049-AGO,Angola
FL-2007-000227-ZWE,Angola
FL-2009-000007-ZWE,Angola
Iran: Floods - Oct 1994,Iran Islamic Republic of
Iran: Floods - Apr 1989,Iran Islamic Republic of
Iran: Floods - Nov 1994,Iran Islamic Republic of
Iran: Floods - Dec 1990,Iran Islamic Republic of
FL-2002-000020-IRN,Iran Islamic Republic of
FF-2020-000006-IRN,Iran Islamic Republic of
FL-2001-000375-IRN,Iran Islamic Republic of
Iran: Floods - Feb 1991,Iran Islamic Republic of
FL-1998-000247-IRN,Iran Islamic Republic of
FL-2022-000002-IRN,Iran Islamic Republic of
FL-2015-000088-IRN,Iran Islamic Republic of
Iran: Flash Floods - Jul 1996,Iran Islamic Republic of
Iran: Floods - May 1992,Iran Islamic Republic of
FF-2022-000274-IRN,Iran Islamic Republic of
FL-2019-000022-IRN,Iran Islamic Republic of
Iran: Floods - Feb 1993,Iran Islamic Republic of
FL-2024-000019-IRN,Iran Islamic Republic of
FL-1998-000085-IRN,Iran Islamic Republic of
FL-2002-000500-IRN,Iran Islamic Republic of
Iran: Floods - Dec 1986,Iran Islamic Republic of
FL-2001-000453-IRN,Iran Islamic Republic of
FL-2001-000180-IRN,Iran Islamic Republic of
Iran: Floods - Dec 1991,Iran Islamic Republic of
Iran: Floods - Jul 1987,Iran Islamic Republic of
Iran: Floods - Jul 1994,Iran Islamic Republic of
FL-1999-000235-IRN,Iran Islamic Republic of
FL-2005-000117-GTM,Guatemala
FL-2017-000130-GTM,Guatemala
FL-2000-000299-GTM,Guatemala
FL-2019-000094-GTM,Guatemala
FL-2023-000131-GTM,Guatemala
LS-2022-000224-GTM,Guatemala
FL-2011-000045-GTM,Guatemala
FL-2011-000118-GTM,Guatemala
FL-2012-000098-GTM,Guatemala
FL-2009-000117-GTM,Guatemala
FL-2010-000102-CRI,Guatemala
FL-2016-000081-GTM,Guatemala
subject,Guatemala
FL-2008-000166-GTM,Guatemala
FL-2007-000194-GTM,Guatemala
FL-2021-000078-GTM,Guatemala
FL-1998-000112-TZA,United Republic of Tanzania
FL-2024-000058-TZA,United Republic of Tanzania
Tanzania: Floods - May 1995,United Republic of Tanzania
FL-2023-000056-TZA,United Republic of Tanzania
FL-2019-000145-TZA,United Republic of Tanzania
FL-2023-000241-TZA,United Republic of Tanzania
FL-2025-000047-TZA,United Republic of Tanzania
FL-2006-000164-TZA,United Republic of Tanzania
FL-2018-000043-TZA,United Republic of Tanzania
FF-2014-000009-TZA,United Republic of Tanzania
FL-2014-000053-TZA,United Republic of Tanzania
Tanzania: Floods - Feb 1993,United Republic of Tanzania
FL-2011-000183-TZA,United Republic of Tanzania
FL-2006-000065-TZA,United Republic of Tanzania
subject,United Republic of Tanzania
FL-2005-000062-TZA,United Republic of Tanzania
FL-2020-000029-TZA,United Republic of Tanzania
FL-2008-000011-TZA,United Republic of Tanzania
FL-2016-000011-TZA,United Republic of Tanzania
FL-2019-000048-TZA,United Republic of Tanzania
FL-1997-000049-TZA,United Republic of Tanzania
Tanzania: Floods - Apr 1989,United Republic of Tanzania
FL-2020-000125-TZA,United Republic of Tanzania
FL-1999-000423-TGO,Togo
FL-2007-000158-TGO,Togo
Togo: Floods - Oct 1995,Togo
FL-2017-000149-TGO,Togo
Togo: Floods - Sep 1995,Togo
FL-1999-000437-KHM,Cambodia
FL-2002-000522-KHM,Cambodia
FL-1999-000259-KHM,Cambodia
Cambodia: Floods - Aug 1994,Cambodia
FL-2013-000131-KHM,Cambodia
FL-2011-000148-KHM,Cambodia
FL-2000-000438-KHM,Cambodia
Cambodia: Floods - Sep 1996,Cambodia
FL-2020-000212-KHM,Cambodia
FL-2006-000130-KHM,Cambodia
subject,Cambodia
FL-2001-000485-KHM,Cambodia
Brazil: Floods - Apr 1989,Brazil
FL-2011-000102-BRA,Brazil
FL-2008-000234-BRA,Brazil
Brazil: Floods - Jul 1988,Brazil
Brazil: Floods - Jul 1989,Brazil
FL-2010-000120-BRA,Brazil
FL-2008-000010-BRA,Brazil
FL-2003-000028-BRA,Brazil
Brazil: Floods - Feb 1988,Brazil
FL-2001-000696-BRA,Brazil
FL-2009-000239-BRA,Brazil
Brazil: Floods - Apr 1985,Brazil
Brazil: Floods - Jan 1985,Brazil
FL-2021-000204-BRA,Brazil
FL-2010-000067-BRA,Brazil
FL-2009-000089-BRA,Brazil
FL-2013-000157-BRA,Brazil
FL-2024-000036-BRA,Brazil
FL-2012-000003-BRA,Brazil
FL-2023-000169-BRA,Brazil
Brazil: Floods - Dec 1989,Brazil
subject,Brazil
FL-2015-000092-BRA,Brazil
FL-2011-000002-BRA,Brazil
FL-2010-000179-ETH,Ethiopia
FL-2013-000050-ETH,Ethiopia
FL-2007-000145-ETH,Ethiopia
FL-2011-000124-ETH,Ethiopia
FL-2015-000161-ETH,Ethiopia
FL-2019-000116-ETH,Ethiopia
FL-2003-000204-KEN,Ethiopia
FF-2008-000227-ETH,Ethiopia
FF-2008-000141-ETH,Ethiopia
FL-2020-000126-ETH,Ethiopia
FL-2022-000356-ETH,Ethiopia
FL-1997-000270-ETH,Ethiopia
FL-2007-000161-UGA,Ethiopia
FL-2006-000169-SOM,Ethiopia
FL-2005-000064-ETH,Ethiopia
FL-2017-000139-ETH,Ethiopia
FF-2012-000081-ETH,Ethiopia
FF-2018-000042-ETH,Ethiopia
Ethiopia: Floods - May 1995,Ethiopia
FL-2023-000229-ETH,Ethiopia
FL-2016-000045-ETH,Ethiopia
FL-2023-000052-ETH,Ethiopia
FL-2014-000152-ETH,Ethiopia
FL-2002-000225-ETH,Ethiopia
FL-2024-000074-ETH,Ethiopia
FL-2006-000112-ETH,Ethiopia
Ethiopia: Floods - Aug 1996,Ethiopia
FL-2002-000367-SRB,Montenegro
FL-2007-000220-SRB,Montenegro
name=Montenegro: Floods - Nov 1992,Montenegro
FL-2009-000267-SRB,Montenegro
FL-2005-000063-SRB,Montenegro
FL-2006-000030-SRB,Montenegro
FL-1999-000240-SRB,Montenegro
FL-2006-000041-SRB,Montenegro
FL-2009-000187-CIV,Côte d'Ivoire
FL-2007-000130-CIV,Côte d'Ivoire
FL-2018-000077-CIV,Côte d'Ivoire
FL-2020-000154-CIV,Côte d'Ivoire
FL-2019-000131-CIV,Côte d'Ivoire
FL-2022-000249-CIV,Côte d'Ivoire
1992-01-01T00:00:00+00:00,Argentina
FL-1998-000080-ARG,Argentina
FL-2003-000080-ARG,Argentina
FL-2000-000255-ARG,Argentina
1985-11-01T00:00:00+00:00,Argentina
FL-2015-000024-ARG,Argentina
FL-2009-000248-URY,Argentina
FL-2007-000022-ARG,Argentina
FL-2023-000089-ARG,Argentina
FL-2008-000038-ARG,Argentina
FL-2024-000027-ARG,Argentina
FL-2025-000036-ARG,Argentina
FL-2016-000137-ARG,Argentina
1993-05-01T00:00:00+00:00,Argentina
FL-2003-000196-ARG,Argentina
FL-2015-000110-ARG,Argentina
FL-2019-000009-ARG,Argentina
1992-00001-AR,Argentina
1985-06-01-ARG-Flood,Argentina
FL-2007-000044-ARG,Argentina
FL-2006-000050-ARG,Argentina
FL-2018-000014-ARG,Argentina
1986-04-01T00:00:00+00:00,Argentina
FF-2011-000049-IRQ,Iraq
FL-2015-000153-IRQ,Iraq
FL-2018-000414-IRQ,Iraq
FL-2019-000030-IRQ,Iraq
FL-2009-000242-IRQ,Iraq
FL-2021-000208-IRQ,Iraq
FL-2006-000018-IRQ,Iraq
FL-2024-000035-IRQ,Iraq
FL-2025-000032-IRQ,Iraq
Peru: Floods-Drought-Frost - Feb 2004,Peru
FL-2021-000019-PER,Peru
FL-2003-000051-PER,Peru
FL-2025-000022-PER,Peru
Peru: Floods - Feb 1987,Peru
FL-2024-000022-PER,Peru
FL-2017-000014-PER,Peru
FL-2008-000213-PER,Peru
FL-2001-000117-PER,Peru
Peru: Floods - Feb 1994,Peru
FL-2009-000261-PER,Peru
FL-2006-000031-PER,Peru
FL-2011-000198-PER,Peru
FL-2013-000019-PER,Peru
FL-1997-000530-PER,Peru
FL-2023-000036-PER,Peru
FL-1999-000160-PER,Peru
FL-2002-000077-PER,Peru
FL-2015-000011-PER,Peru
FL-2008-000031-PER,Peru
Peru: Floods - Mar 1986,Peru
FL-2007-000009-PER,Peru
FL-2019-000015-PER,Peru
FF-2021-000090-SDN,Sudan
FL-2014-000098-SDN,Sudan
FL-1998-000251-SDN,Sudan
FL-2018-000128-SDN,Sudan
FL-2007-000093-SDN,Sudan
FL-2023-000199-SDN,Sudan
FL-2001-000417-SDN,Sudan
FL-2003-000368-SDN,Sudan
FL-2005-000175-SDN,Sudan
FL-2008-000207-SDN,Sudan
FL-2009-000166-SDN,Sudan
FL-2012-000129-SDN,Sudan
FF-2013-000091-SDN,Sudan
FL-2022-000277-SDN,Sudan
FL-2006-000123-SDN,Sudan
FL-2011-000120-SDN,Sudan
FL-2024-000128-SDN,Sudan
FL-2016-000072-SDN,Sudan
FL-2017-000088-SDN,Sudan
FL-2005-000129-SDN,Sudan
FL-2020-000176-SDN,Sudan
FL-2010-000139-SDN,Sudan
FL-2019-000064-SDN,Sudan
subject,Sudan
FL-2008-000125-SDN,Sudan
FL-2009-000145-NPL,Nepal
FL-2019-000083-NPL,Nepal
FL-2009-000219-NPL,Nepal
FL-2010-000160-NPL,Nepal
FL-2012-000071-NPL,Nepal
FL-2004-000051-NPL,Nepal
FL-2017-000107-NPL,Nepal
FL-2024-000177-NPL,Nepal
FL-2012-000132-NPL,Nepal
FL-2006-000127-NPL,Nepal
FL-2021-000134-NPL,Nepal
FL-2011-000082-NPL,Nepal
FF-2007-000081-NPL,Nepal
FL-2016-000068-NPL,Nepal
FL-2008-000104-NPL,Nepal
FL-2024-000103-NPL,Nepal
FL-2005-000168-NPL,Nepal
FL-2020-000165-NPL,Nepal
FL-2003-000341-NPL,Nepal
FL-2000-000476-NPL,Nepal
name=Nepal: Floods and Landslides - Jul 1993,Nepal
SL-2002-000428-NPL,Nepal
FL-1998-000221-NPL,Nepal
Nepal: Floods - Jul 1996,Nepal
FL-2008-000168-NPL,Nepal
Nepal: Floods - Aug 1987,Nepal
Sri Lanka: Floods - Jun 1989,Sri Lanka
FL-2012-000205-LKA,Sri Lanka
FL-2005-000196-LKA,Sri Lanka
FF-2009-000246-LKA,Sri Lanka
FL-2008-000051-LKA,Sri Lanka
subject,Sri Lanka
FL-2017-000057-LKA,Sri Lanka
FL-2023-000196-LKA,Sri Lanka
FL-2018-000425-LKA,Sri Lanka
FL-2007-000228-LKA,Sri Lanka
FF-2009-000160-LKA,Sri Lanka
FL-2011-000176-LKA,Sri Lanka
FL-2007-000052-LKA,Sri Lanka
FL-2003-000229-LKA,Sri Lanka
FL-2006-000191-LKA,Sri Lanka
FL-2002-000788-LKA,Sri Lanka
FL-2010-000196-LKA,Sri Lanka
FL-2016-000050-LKA,Sri Lanka
FL-2014-000162-LKA,Sri Lanka
FF-2007-000008-LKA,Sri Lanka
FL-1999-000161-LKA,Sri Lanka
FL-1999-000031-LKA,Sri Lanka
FL-2000-000741-LKA,Sri Lanka
FL-2024-000189-LKA,Sri Lanka
FL-2021-000057-LKA,Sri Lanka
FF-2008-000199-LKA,Sri Lanka
FL-2018-000060-LKA,Sri Lanka
FL-2008-000079-LKA,Sri Lanka
LS-2015-000135-LKA,Sri Lanka
FL-2010-000092-LKA,Sri Lanka
Sri Lanka: Monsoon Floods - Jul 1984,Sri Lanka
FL-2024-000077-LKA,Sri Lanka
FL-2006-000155-LKA,Sri Lanka
FL-2014-000070-LKA,Sri Lanka
LS-2022-000283-LKA,Sri Lanka
Sri Lanka: Floods and Landslides - Feb 1986,Sri Lanka
FL-2020-000237-LKA,Sri Lanka
FL-2019-000171-LKA,Sri Lanka
FL-2013-000103-YEM,Yemen
FF-2020-000123-YEM,Yemen
FL-2021-000110-YEM,Yemen
FL-2021-000043-YEM,Yemen
FF-2019-000054-YEM,Yemen
FL-2022-000265-YEM,Yemen
FL-2008-000201-YEM,Yemen
FL-2023-000068-YEM,Yemen
FL-2024-000059-YEM,Yemen
FL-1999-000548-YEM,Yemen
Yemen: Floods - Feb 1993,Yemen
FF-2006-000039-YEM,Yemen
FL-2005-000070-YEM,Yemen
FF-2016-000034-YEM,Yemen
subject,Yemen
FL-2022-000201-ZAF,South Africa
FL-2022-000382-ZAF,South Africa
FL-2009-000133-ZAF,South Africa
FL-2008-000094-ZAF,South Africa
FL-2024-000008-ZAF,South Africa
FL-2023-000200-ZAF,South Africa
FL-2014-000038-ZAF,South Africa
subject,South Africa
FL-2006-000027-IDN,Indonesia
FL-2019-000011-IDN,Indonesia
Indonesia: Floods and Landslides - Mar 1984,Indonesia
FL-2003-000531-IDN,Indonesia
Indonesia: Floods - May 1995,Indonesia
FL-2011-000196-IDN,Indonesia
Indonesia: Floods - Nov 1987,Indonesia
FL-2000-000770-IDN,Indonesia
FL-2010-000096-IDN,Indonesia
FL-2023-000176-IDN,Indonesia
FL-2007-000106-IDN,Indonesia
FL-2006-000001-IDN,Indonesia
FL-2006-000192-IDN,Indonesia
FL-2001-000407-IDN,Indonesia
FL-2002-000732-IDN,Indonesia
1,Indonesia
FF-2006-000049-IDN,Indonesia
name,Indonesia
FL-2013-000006-IDN,Indonesia
FF-2020-000140-IDN,Indonesia
FL-2019-000181-IDN,Indonesia
FL-2000-000258-IDN,Indonesia
Indonesia: Floods and Landslides - Jan 1989,Indonesia
FF-2009-000196-IDN,Indonesia
FL-2014-000005-IDN,Indonesia
FF-2019-000029-IDN,Indonesia
Indonesia: Floods - Feb 1993,Indonesia
FF-2009-000069-IDN,Indonesia
FF-2006-000069-IDN,Indonesia
Indonesia: Floods and Landslides - Feb 1990,Indonesia
FL-2002-000054-IDN,Indonesia
LS-2016-000051-IDN,Indonesia
FL-2014-000154-IDN,Indonesia
FL-2012-000153-IDN,Indonesia
FF-2005-000067-IDN,Indonesia
FL-2021-000005-IDN,Indonesia
FL-2016-000009-IDN,Indonesia
FL-2021-000173-IDN,Indonesia
FL-2007-000023-IDN,Indonesia
FL-2008-000205-IDN,Indonesia
FL-2010-000162-HND,Nicaragua
FL-2010-000149-GTM,Nicaragua
FL-2007-000189-NIC,Nicaragua
FL-1999-000363-NIC,Nicaragua
FL-2008-000239-NIC,Nicaragua
FL-2009-000147-NIC,Nicaragua
FL-2008-000180-NIC,Nicaragua
FL-2008-000099-NIC,Nicaragua
FL-2013-000085-NIC,Nicaragua
FL-2004-000036-MKD,the Republic of North Macedonia
FL-2013-000024-MKD,the Republic of North Macedonia
FF-2015-000115-MKD,the Republic of North Macedonia
FF-2016-000079-MKD,the Republic of North Macedonia
FL-2006-000121-MKD,the Republic of North Macedonia
FL-2002-000782-MKD,the Republic of North Macedonia
FL-2005-000132-MKD,the Republic of North Macedonia
FL-2003-000585-MKD,the Republic of North Macedonia
FL-2014-000054-TJK,Tajikistan
FL-2003-000273-TJK,Tajikistan
FF-2020-000138-TJK,Tajikistan
FL-2017-000079-TJK,Tajikistan
FL-2019-000058-TJK,Tajikistan
FL-2012-000051-TJK,Tajikistan
FL-2021-000055-TJK,Tajikistan
FL-2015-000055-TJK,Tajikistan
FL-2002-000475-TJK,Tajikistan
FL-1999-000229-TJK,Tajikistan
FL-2005-000090-TJK,Tajikistan
FL-2004-000055-TJK,Tajikistan
FF-2007-000049-TJK,Tajikistan
FL-2018-000065-TJK,Tajikistan
FF-2011-000066-TJK,Tajikistan
FF-2005-000072-TJK,Tajikistan
FL-2010-000075-TJK,Tajikistan
FL-1998-000111-TJK,Tajikistan
FL-2009-000095-TJK,Tajikistan
FL-2006-000058-TJK,Tajikistan
FL-1999-000547-VEN,Venezuela Bolivarian Republic of
FL-2022-000207-VEN,Venezuela Bolivarian Republic of
subject,Venezuela Bolivarian Republic of
FL-2000-000735-VEN,Venezuela Bolivarian Republic of
FL-2015-000085-VEN,Venezuela Bolivarian Republic of
FL-2012-000075-VEN,Venezuela Bolivarian Republic of
FL-2002-000445-VEN,Venezuela Bolivarian Republic of
FL-2011-000181-VEN,Venezuela Bolivarian Republic of
Venezuela: Floods - Aug 1988,Venezuela Bolivarian Republic of
Venezuela: Floods - Sep 1987,Venezuela Bolivarian Republic of
FL-2021-000129-VEN,Venezuela Bolivarian Republic of
Venezuela: Floods - Jul 1996,Venezuela Bolivarian Republic of
FL-2010-000240-VEN,Venezuela Bolivarian Republic of
FL-2005-000111-ROM,Romania
FL-2007-000155-ROM,Romania
FL-2004-000068-ROM,Romania
subject,Romania
FL-1998-000193-ROM,Romania
FL-2006-000071-ROM,Romania
FL-2000-000187-ROM,Romania
FL-1997-000166-ROM,Romania
FF-2013-000113-ROM,Romania
subject,Eswatini
FL-2015-000105-GIN,Guinea
FL-2006-000145-GIN,Guinea
Guinea: Floods - Aug 1993,Guinea
FL-2001-000549-GIN,Guinea
FL-2024-000148-GIN,Guinea
FL-2022-000305-GIN,Guinea
FL-2021-000135-GIN,Guinea
FL-2009-000178-GIN,Guinea
FL-2017-000083-GIN,Guinea
FL-2011-000131-GIN,Guinea
FL-2023-000158-GIN,Guinea
FL-2020-000202-GIN,Guinea
FL-1997-000301-UGA,Uganda
FL-2019-000163-UGA,Uganda
UGA-2011-000110,Uganda
FL-2006-000124-UGA,Uganda
FL-2024-000075-UGA,Uganda
FL-2021-000153-UGA,Uganda
FL-2007-000138-UGA,Uganda
FL-2019-000067-UGA,Uganda
FL-2020-000132-UGA,Uganda
FL-2022-000275-UGA,Uganda
FL-2013-000055-UGA,Uganda
FL-2008-000175-UGA,Uganda
FF-2014-000060-AFG,Afghanistan
afg-1991-flood,Afghanistan
FL-2004-000059-AFG,Afghanistan
FL-2005-000094-AFG,Afghanistan
FF-2007-000091-AFG,Afghanistan
FF-2019-000018-AFG,Afghanistan
FL-2002-000242-AFG,Afghanistan
FL-2011-000022-AFG,Afghanistan
FL-2013-000045-AFG,Afghanistan
FL-1997-000097-AFG,Afghanistan
FL-2004-000022-AFG,Afghanistan
FF-2023-000133-AFG,Afghanistan
FL-2006-000056-AFG,Afghanistan
FL-2021-000050-AFG,Afghanistan
FL-2010-000021-AFG,Afghanistan
FF-2012-000118-AFG,Afghanistan
FL-2020-000050-AFG,Afghanistan
Afghanistan: Floods - Jun 1988,Afghanistan
FL-2010-000127-AFG,Afghanistan
FL-2024-000038-AFG,Afghanistan
FL-2007-000035-AFG,Afghanistan
FF-2013-000088-AFG,Afghanistan
Afghanistan: Floods - May 1996,Afghanistan
FL-2009-000171-AFG,Afghanistan
Afghanistan: Flash Floods - Sep 1992,Afghanistan
FF-2006-000163-AFG,Afghanistan
FF-2020-000191-AFG,Afghanistan
FL-2007-000054-AFG,Afghanistan
FL-2012-000050-AFG,Afghanistan
FF-2022-000209-AFG,Afghanistan
FL-2005-000048-AFG,Afghanistan
FL-2009-000080-AFG,Afghanistan
FF-2016-000093-LAO,Lao People's Democratic Republic the
FF-2024-000156-LAO,Lao People's Democratic Republic the
FL-2002-000614-LAO,Lao People's Democratic Republic the
FL-2023-000139-LAO,Lao People's Democratic Republic the
FL-2019-000103-LAO,Lao People's Democratic Republic the
FL-2022-000292-LAO,Lao People's Democratic Republic the
FL-2013-000101-LAO,Lao People's Democratic Republic the
FL-2008-000054-THA,Lao People's Democratic Republic the
FL-2020-000213-LAO,Lao People's Democratic Republic the
name=Lao PDR: Floods - Aug 1996,Lao People's Democratic Republic the
FL-2000-000583-LAO,Lao People's Democratic Republic the
Lao PDR: Floods - Sep 1995,Lao People's Democratic Republic the
FF-2018-000118-LAO,Lao People's Democratic Republic the
FL-2013-000068-CZE,Czechia
FL-2009-000121-CZE,Czechia
FL-1997-000142-CZE,Czechia
FL-2024-000169-AUT,Czechia
FL-1998-000329-BEN,Benin
FL-2007-000165-BEN,Benin
Benin: Floods - Sep 1988,Benin
FL-2012-000174-BEN,Benin
FL-2011-000091-BEN,Benin
Benin: Floods - Sep 1994,Benin
FL-2021-000145-BEN,Benin
FL-2007-000141-NGA,Benin
FF-2013-000118-BEN,Benin
FL-2008-000102-CIV,Benin
FL-2010-000118-GHA,Benin
FL-2009-000127-BEN,Benin
subject,Benin
FL-2022-000332-BEN,Benin
FL-1997-000199-BEN,Benin
FL-2009-000198-BEN,Benin
FF-2008-000202-MAR,Morocco
subject,Morocco
FL-2009-000034-MAR,Morocco
FL-2009-000265-MAR,Morocco
FL-2014-000159-MAR,Morocco
FL-2002-000734-MAR,Morocco
FL-2010-000245-MAR,Morocco
FL-2005-000184-VNM,Viet Nam
1,Viet Nam
Viet Nam: Floods - Oct 1996,Viet Nam
FL-2009-000124-VNM,Viet Nam
FF-2019-000068-VNM,Viet Nam
FL-2011-000137-VNM,Viet Nam
FF-2004-000060-VNM,Viet Nam
FL-2013-000142-VNM,Viet Nam
FL-2003-000505-VNM,Viet Nam
ST-2012-000061-VNM,Viet Nam
FL-2000-000408-VNM,Viet Nam
FL-1999-000574-VNM,Viet Nam
FL-1999-000428-VNM,Viet Nam
name=Viet Nam: Floods - Oct 1992,Viet Nam
FL-2022-000336-VNM,Viet Nam
FL-2001-000492-VNM,Viet Nam
FL-1991-000009-VNM,Viet Nam
FF-2023-000136-VNM,Viet Nam
FL-1998-000316-VNM,Viet Nam
FF-2008-000194-VNM,Viet Nam
FF-2017-000101-VNM,Viet Nam
FL-2020-000210-VNM,Viet Nam
Viet Nam: Floods - Oct 1995,Viet Nam
FL-2010-000091-VNM,Viet Nam
FL-2002-000470-VNM,Viet Nam
FL-1994-000007-VNM,Viet Nam
FL-2007-000122-VNM,Viet Nam
FL-1999-000244-VNM,Viet Nam
FL-1990-000004-VNM,Viet Nam
FL-2010-000194-VNM,Viet Nam
FL-2013-000116-NGA,Nigeria
Nigeria: Floods - Sep 1994,Nigeria
FL-2023-000193-NGA,Nigeria
FL-2015-000155-NGA,Nigeria
FL-2018-000120-NGA,Nigeria
FL-2012-000138-NGA,Nigeria
FL-2020-000196-NGA,Nigeria
FF-2011-000088-NGA,Nigeria
FL-2009-000183-NGA,Nigeria
FL-2007-000123-NGA,Nigeria
FL-2017-000126-NGA,Nigeria
FL-2019-000093-NGA,Nigeria
FL-2005-000150-NGA,Nigeria
FL-2022-000271-NGA,Nigeria
FL-2003-000455-NGA,Nigeria
FL-2024-000159-NGA,Nigeria
FL-2001-000095-HUN,Hungary
Hungary: Floods - Mar 1999,Hungary
FL-2001-000096-UKR,Hungary
FL-2000-000191-HUN,Hungary
FL-2001-000079-ROM,Hungary
FL-2008-000117-ROM,Hungary
1994-01-01T00:00:00+00:00,Ukraine
1993-08-01T00:00:00+00:00,Ukraine
FL-1998-000359-UKR,Ukraine
FF-2020-000156-UKR,Ukraine
FL-2006-000085-UKR,Ukraine
FL-2006-000172-COG,Republic of Congo
FL-2023-000001-COG,Republic of Congo
FL-2019-000160-COG,Republic of Congo
FF-2012-000196-COG,Republic of Congo
FF-2021-000198-COG,Republic of Congo
FL-2007-000206-COG,Republic of Congo
FL-2011-000123-RUS,Russian Federation
Russia: Floods - Sep 1994,Russian Federation
FL-2018-000360-RUS,Russian Federation
Russian Federation: Floods - Apr 2004,Russian Federation
FL-1998-000179-RUS,Russian Federation
Russia: Floods - Jun 1993,Russian Federation
FL-2017-000052-RUS,Russian Federation
FL-2012-000063-RUS,Russian Federation
FF-2012-000115-RUS,Russian Federation
FL-2002-000376-RUS,Russian Federation
FL-2010-000208-RUS,Russian Federation
FL-2002-000482-RUS,Russian Federation
FL-2010-000072-RUS,Russian Federation
FL-2016-000061-RUS,Russian Federation
FL-2014-000073-RUS,Russian Federation
FL-2018-000046-RUS,Russian Federation
FL-2001-000227-RUS,Russian Federation
FF-2013-000100-RUS,Russian Federation
FL-1997-000111-ARM,Armenia
FF-2024-000087-ARM,Armenia
FL-2022-000190-TUN,Tunisia
Tunisia: Floods - Oct 1986,Tunisia
FL-2003-000027-TUN,Tunisia
FF-2018-000158-TUN,Tunisia
FF-2007-000185-TUN,Tunisia
subject,Tunisia
FF-2009-000204-TUN,Tunisia
FF-2020-000204-TUN,Tunisia
FL-2016-000123-DOM,Dominican Republic
FL-2003-000571-DOM,Dominican Republic
FL-2004-000028-DOM,Dominican Republic
FL-2024-000216-DOM,Dominican Republic
FL-2008-000170-DOM,Dominican Republic
FL-2023-000103-DOM,Dominican Republic
FL-2009-000100-DOM,Dominican Republic
FL-2009-000031-DOM,Dominican Republic
FL-2010-000026-DOM,Dominican Republic
FL-2012-000068-DOM,Dominican Republic
FL-2023-000236-DOM,Dominican Republic
FL-2010-000121-DOM,Dominican Republic
FL-2011-000061-DOM,Dominican Republic
FL-2016-000130-VCT,Saint Vincent
FL-2011-000043-VCT,Saint Vincent
FL-2013-000159-VCT,Saint Vincent
FL-2008-000167-VCT,Saint Vincent
subject,Saint Vincent
FL-2016-000130-VCT,the Grenadines
FL-2011-000043-VCT,the Grenadines
FL-2013-000159-VCT,the Grenadines
FL-2008-000167-VCT,the Grenadines
subject,the Grenadines
FL-2018-000144-PRK,Democratic People's Republic of Korea
FL-2004-000063-PRK,Democratic People's Republic of Korea
FL-2006-000158-PRK,Democratic People's Republic of Korea
FL-2015-000113-PRK,Democratic People's Republic of Korea
FL-2012-000123-PRK,Democratic People's Republic of Korea
subject,Democratic People's Republic of Korea
FL-2013-000081-PRK,Democratic People's Republic of Korea
FL-2010-000153-PRK,Democratic People's Republic of Korea
FL-1998-000272-PRK,Democratic People's Republic of Korea
FL-2002-000478-PRK,Democratic People's Republic of Korea
FL-2016-000097-PRK,Democratic People's Republic of Korea
FL-2001-000571-PRK,Democratic People's Republic of Korea
FL-2005-000109-PRK,Democratic People's Republic of Korea
FL-2007-000126-PRK,Democratic People's Republic of Korea
FL-2011-000096-PRK,Democratic People's Republic of Korea
FL-2006-000091-PRK,Democratic People's Republic of Korea
1,Democratic People's Republic of Korea
FL-2023-000160-NER,Niger
FL-2020-000190-NER,Niger
FL-2011-000122-NER,Niger
FL-2024-000120-NER,Niger
FL-2019-000101-NER,Niger
FL-2009-000174-NER,Niger
FL-2014-000115-NER,Niger
FL-2013-000098-NER,Niger
FL-2022-000316-NER,Niger
FL-2015-000123-NER,Niger
FL-2006-000133-NER,Niger
FL-2009-000144-NER,Niger
FL-2007-000147-NER,Niger
name=Niger: Floods - Aug 1994,Niger
FL-2017-000078-NER,Niger
FL-2016-000091-NER,Niger
FL-2021-000127-NER,Niger
FL-2012-000141-NER,Niger
FL-2018-000028-BWA,Botswana
subject,Botswana
FL-2009-000120-BWA,Botswana
FL-2000-000012-MOZ,Botswana
FL-2013-000013-BWA,Botswana
FL-2000-000048-BWA,Botswana
FL-2025-000029-BWA,Botswana
subject,Honduras
FL-2018-000164-HND,Honduras
FL-2011-000005-HND,Honduras
FL-2017-000160-HND,Honduras
FL-2022-000328-HND,Honduras
FL-2008-000191-HND,Honduras
FL-2012-000083-HND,Honduras
FL-1999-000324-HND,Honduras
FL-2003-000481-HND,Honduras
FL-2005-000110-BIH,Bosnia
FF-2021-000189-BIH,Bosnia
FL-2005-000208-BIH,Bosnia
subject,Bosnia
FL-2009-000044-BIH,Bosnia
FL-2022-000378-BIH,Bosnia
FF-2010-000094-HUN,Bosnia
FL-2023-000079-BIH,Bosnia
FF-2020-000153-BIH,Bosnia
FL-2009-000136-BIH,Bosnia
FL-2005-000110-BIH,Herzegovina
FF-2021-000189-BIH,Herzegovina
FL-2005-000208-BIH,Herzegovina
subject,Herzegovina
FL-2009-000044-BIH,Herzegovina
FL-2022-000378-BIH,Herzegovina
FF-2010-000094-HUN,Herzegovina
FL-2023-000079-BIH,Herzegovina
FF-2020-000153-BIH,Herzegovina
FL-2009-000136-BIH,Herzegovina
FL-2009-000216-ITA,Italy
FL-2023-000088-ITA,Italy
FF-2008-000178-DZA,Algeria
FL-2021-000023-DZA,Algeria
FL-2007-000051-TUN,Algeria
FL-2015-000146-DZA,Algeria
Algeria: Floods - Nov 1994,Algeria
FL-2002-000540-DZA,Algeria
FL-2024-000168-DZA,Algeria
FL-2024-000024-DZA,Algeria
Algeria: Floods - Jan 1985,Algeria
FL-2006-000023-DZA,Algeria
FL-2001-000620-DZA,Algeria
FL-2024-000165-CAF,Central African Republic
FL-2021-000123-CAF,Central African Republic
FL-2022-000321-CAF,Central African Republic
FL-2011-000164-CAF,Central African Republic
ST-2011-000073-CAF,Central African Republic
FL-2005-000137-CAF,Central African Republic
FL-2012-000164-CAF,Central African Republic
FL-2019-000098-CAF,Central African Republic
FL-2015-000053-CAF,Central African Republic
FL-2009-000129-CAF,Central African Republic
FL-2013-000112-CAF,Central African Republic
FL-2017-000134-CAF,Central African Republic
FL-2004-000116-CAF,Central African Republic
FL-2007-000174-CAF,Central African Republic
FL-1999-000413-CAF,Central African Republic
1996-10-01T00:00:00+00:00,Central African Republic
FF-2012-000101-GAB,Gabon
FL-2024-000230-GAB,Gabon
Gabon: Inondations - Nov 1988,Gabon
FL-2005-000138-PNG,Papua New Guinea
FL-2016-000026-PNG,Papua New Guinea
FL-2015-000018-PNG,Papua New Guinea
FL-2006-000025-PNG,Papua New Guinea
FL-2013-000017-PNG,Papua New Guinea
Papua New Guinea: Floods - Jun 1993,Papua New Guinea
FL-2007-000209-PNG,Papua New Guinea
FL-2024-000031-MWI,Malawi
FL-1997-000025-MWI,Malawi
FL-2012-000210-MWI,Malawi
FL-2006-000013-MWI,Malawi
FL-2019-000014-MWI,Malawi
FL-2002-000808-MWI,Malawi
subject,Malawi
FL-2001-000025-MWI,Malawi
FL-2015-000006-MWI,Malawi
FL-2024-000167-THA,Thailand
Thailand: Floods and Mudslides - Nov 1988,Thailand
FL-2006-000062-THA,Thailand
FL-2011-000135-THA,Thailand
Thailand: Floods - Oct 1995,Thailand
FL-2008-000250-THA,Thailand
FL-2005-000153-THA,Thailand
FL-2021-000147-THA,Thailand
FL-2005-000209-THA,Thailand
FL-2001-000450-THA,Thailand
FL-2011-000032-THA,Thailand
FL-2009-000237-THA,Thailand
FL-2019-000104-THA,Thailand
FL-2013-000083-THA,Thailand
FL-2006-000125-THA,Thailand
FL-2022-000333-THA,Thailand
FL-2017-000004-THA,Thailand
FL-2017-000053-THA,Thailand
FL-2010-000152-THA,Thailand
FL-2007-000199-THA,Thailand
FL-2002-000641-THA,Thailand
FF-2009-000107-THA,Thailand
FL-2014-000014-SYC,Seychelles
FL-1997-000207-SYC,Seychelles
Philippines: Floods - Feb 1989,Philippines
FL-2008-000024-PHL,Philippines
FF-2008-000082-PHL,Philippines
FL-2016-000084-PHL,Philippines
FL-2009-000011-PHL,Philippines
FL-2010-000107-PHL,Philippines
FL-2013-000095-PHL,Philippines
FL-1999-000053-PHL,Philippines
1,Philippines
ST-1998-000296-PHL,Philippines
FL-1991-000010-PHL,Philippines
FL-2014-000079-PHL,Philippines
FF-2008-000063-PHL,Philippines
FL-2000-000038-PHL,Philippines
FL-1993-000013-PHL,Philippines
FL-2005-000205-PHL,Philippines
FL-2011-000067-PHL,Philippines
FL-2015-000081-PHL,Philippines
FL-2014-000006-PHL,Philippines
FL-2017-000010-PHL,Philippines
FL-1999-000253-PHL,Philippines
FL-2011-000204-PHL,Philippines
FL-1995-000012-PHL,Philippines
FL-2019-000120-PHL,Philippines
FF-2009-000201-PHL,Philippines
FL-2007-000003-PHL,Philippines
FL-2009-000234-PHL,Philippines
FL-2007-000125-PHL,Philippines
FL-2010-000219-PHL,Philippines
Philippines: Floods and Landslides - Jun 2018,Philippines
FL-2021-000091-PHL,Philippines
FL-2007-000210-PHL,Philippines
FF-2008-000233-PHL,Philippines
FF-2012-000102-PHL,Philippines
Philippines: Floods - Jun 1990,Philippines
FL-2023-000231-BDI,Burundi
FL-2006-000190-BDI,Burundi
FL-2019-000167-BDI,Burundi
FL-2018-000054-BDI,Burundi
FL-2020-000054-BDI,Burundi
LS-2010-000040-UGA,Burundi
FL-2021-000039-BDI,Burundi
FL-2015-000176-BDI,Burundi
Burundi: Floods - Feb 1989,Burundi
FL-2011-000037-BDI,Burundi
FL-2008-000187-BDI,Burundi
FL-2009-000075-BDI,Burundi
FL-2014-000019-BDI,Burundi
FL-2017-000012-MOZ,Mozambique
FL-1997-000026-MOZ,Mozambique
subject,Mozambique
FL-2001-000019-MOZ,Mozambique
FL-2023-000018-MOZ,Mozambique
1,Mozambique
Namibia: Floods - Mar 2004,Mozambique
FL-2003-000020-MOZ,Mozambique
FL-2020-000011-MOZ,Mozambique
FL-1999-000071-MOZ,Mozambique
FL-2013-000008-MOZ,Mozambique
Moldova: Floods - Aug 1994,Moldova
FL-2005-000157-MDA,Moldova
FL-1997-000522-MDA,Moldova
FL-2003-000624-HTI,Haiti
FL-2009-000206-HTI,Haiti
Haiti: Floods - Feb 1996,Haiti
FL-2007-000040-HTI,Haiti
FL-2006-000171-HTI,Haiti
FL-2016-000054-HTI,Haiti
FL-2014-000155-HTI,Haiti
FL-2011-000156-HTI,Haiti
Haiti: Floods - Nov 1986,Haiti
FL-2010-000037-HTI,Haiti
FL-2009-000102-HTI,Haiti
FL-2024-000212-HTI,Haiti
FL-2012-000191-HTI,Haiti
FL-2006-000115-HTI,Haiti
FL-2012-000054-HTI,Haiti
FL-2017-000043-HTI,Haiti
FL-2007-000181-HTI,Haiti
FL-2025-000060-HTI,Haiti
FL-2002-000321-HTI,Haiti
FL-2016-000019-HTI,Haiti
FL-2005-000105-HTI,Haiti
FL-2023-000085-HTI,Haiti
Haiti: Floods - Jun 1986,Haiti
FL-2011-000063-HTI,Haiti
FL-2013-000074-HTI,Haiti
FL-2022-000158-HTI,Haiti
FL-2015-000037-HTI,Haiti
FL-2019-000052-SRB,Serbia
FF-2020-000158-SRB,Serbia
FL-2010-000042-SRB,Serbia
FF-2014-000059-SRB,Serbia
FL-2016-000025-SRB,Serbia
FL-2007-000217-SRB,Serbia
FL-2009-000245-SRB,Serbia
FF-2013-000029-SRB,Serbia
FL-2023-000108-SRB,Serbia
FL-2016-000122-SRB,Serbia
FL-2019-000051-LBY,Libya
FL-2024-000223-LBY,Libya
FL-2023-000168-LBY,Libya
FL-2022-000374-TTO,Trinidad
FL-2018-000194-TTO,Trinidad
FL-2022-000374-TTO,Tobago
FL-2018-000194-TTO,Tobago
FL-1997-000137-CHL,Chile
subject,Chile
FL-2015-000027-CHL,Chile
FL-2006-000086-CHL,Chile
FL-2008-000069-CHL,Chile
FL-2012-000039-CHL,Chile
FL-2023-000110-CHL,Chile
FL-2002-000322-CHL,Chile
FL-2008-000155-CHL,Chile
FL-2009-000165-CHL,Chile
FL-2000-000375-CHL,Chile
FL-2014-000045-SLB,Solomon Islands
FF-2012-000107-SLB,Solomon Islands
FL-2010-000014-SLB,Solomon Islands
FL-2009-000032-SLB,Solomon Islands
FL-2007-000131-SEN,Senegal
subject,Senegal
FL-2024-000198-SEN,Senegal
FL-2022-000290-SEN,Senegal
FL-2016-000102-SEN,Senegal
FL-2009-000164-SEN,Senegal
FL-2020-000198-SEN,Senegal
FL-2011-000108-SEN,Senegal
FL-2002-000026-SEN,Senegal
FL-2012-000169-SEN,Senegal
FL-2016-000089-SEN,Senegal
FL-2019-000118-SEN,Senegal
subject,Albania
FL-2002-000607-ALB,Albania
FL-2004-000142-ALB,Albania
FL-2009-000266-ALB,Albania
FL-2017-000174-ALB,Albania
FL-2016-000117-ALB,Albania
FL-2010-000239-MNE,Albania
FL-2015-000009-ALB,Albania
FL-2009-000170-MRT,Mauritania
FL-2022-000286-MRT,Mauritania
FL-2019-000108-MRT,Mauritania
FL-2013-000119-MRT,Mauritania
FL-2023-000146-MRT,Mauritania
FL-2020-000199-MRT,Mauritania
FL-2007-000127-MRT,Mauritania
FL-2006-000106-MRT,Mauritania
FL-2010-000176-MRT,Mauritania
FL-2005-000002-GUY,Guyana
FL-2008-000246-GUY,Guyana
FL-2006-000009-GUY,Guyana
Guyana: Floods - Jul 1996,Guyana
FL-2015-000093-GUY,Guyana
FL-2021-000066-GUY,Guyana
FL-2007-000111-GBR,United Kingdom of Great Britain
FL-2007-000111-GBR,Northern Ireland
FL-2012-000198-PAN,Panama
FL-2004-000100-PAN,Panama
FL-2011-000180-PAN,Panama
FL-2021-000096-PAN,Panama
FL-2022-000365-PAN,Panama
FL-2007-000086-PAN,Panama
FL-2009-000240-PAN,Panama
FL-2009-000101-PAN,Panama
subject,Panama
FL-2008-000158-PAN,Panama
FL-2010-000119-PAN,Panama
FL-2008-000231-PAN,Panama
FL-2006-000151-PAN,Panama
FL-2010-000225-PAN,Panama
FL-2024-000209-PAN,Panama
FL-2004-000115-PAN,Panama
FL-2013-000087-MMR,Myanmar
FL-2015-000080-MMR,Myanmar
1,Myanmar
1995-09-01T00:00:00+00:00,Myanmar
FL-2011-000107-MMR,Myanmar
FL-2012-000140-MMR,Myanmar
FL-2018-000124-MMR,Myanmar
FL-2017-000091-MMR,Myanmar
FL-2024-000104-MMR,Myanmar
FL-1997-000177-MMR,Myanmar
FL-2014-000107-MMR,Myanmar
FL-2019-000081-MMR,Myanmar
FL-2020-000172-MMR,Myanmar
FL-2010-000115-MMR,Myanmar
FL-2005-000160-MMR,Myanmar
FL-2023-000189-MMR,Myanmar
FL-2021-000095-MMR,Myanmar
FL-2016-000058-MMR,Myanmar
FL-2004-000052-JPN,Japan
FL-2009-000192-MEX,Mexico
FL-1999-000391-MEX,Mexico
FL-2007-000200-MEX,Mexico
subject,Mexico
FL-2003-000482-MEX,Mexico
FL-2008-000086-MEX,Mexico
FL-2008-000154-MEX,Mexico
FL-2002-000510-MEX,Mexico
FL-2010-000150-MEX,Mexico
1,Mexico
FL-2007-000154-MEX,Mexico
FL-2011-000133-MEX,Mexico
FL-2010-000019-MEX,Mexico
FL-2009-000135-MEX,Mexico
2011-06-30T00:00:00+00:00,Mexico
FL-2009-000132-GHA,Ghana
FL-2001-000314-GHA,Ghana
FL-2018-000154-GHA,Ghana
FL-2023-000215-GHA,Ghana
FL-2002-000373-GHA,Ghana
FL-2019-000135-GHA,Ghana
FL-2011-000106-GHA,Ghana
FL-2015-000065-GHA,Ghana
FL-1999-000315-GHA,Ghana
Ghana: Floods - Jul 1995,Ghana
FL-2017-000095-GHA,Ghana
FL-2013-000041-GHA,Ghana
FF-2021-000032-TLS,Timor-Leste
FL-2003-000647-TLS,Timor-Leste
FF-2006-000022-TLS,Timor-Leste
FL-2007-000107-TLS,Timor-Leste
FL-2003-000293-TLS,Timor-Leste
El Salvador: Floods in South Eastern Region - Oct 1992,El Salvador
FL-1999-000349-SLV,El Salvador
subject,El Salvador
FL-2005-000171-SLV,El Salvador
El Salvador: Floods - Oct 2018,El Salvador
FL-2022-000331-SLV,El Salvador
FL-2008-000103-SLV,El Salvador
FL-2024-000098-SLV,El Salvador
FL-2019-000136-SLV,El Salvador
FL-2005-000103-SLV,El Salvador
FL-2008-000191-SLV,El Salvador
FL-1997-000143-POL,Poland
FL-2001-000390-POL,Poland
FL-2010-000089-AZE,Azerbaijan
FL-2003-000212-AZE,Azerbaijan
Azerbaijan: Floods - Jun 1995,Azerbaijan
FL-1997-000140-AZE,Azerbaijan
FL-2009-000208-AZE,Azerbaijan
FF-2022-000278-MNG,Mongolia
FF-2021-000098-MNG,Mongolia
FL-2018-000092-MNG,Mongolia
FL-2023-000111-MNG,Mongolia
FL-2009-000140-MNG,Mongolia
FF-2020-000168-MNG,Mongolia
Mongolia: Flash Floods - Aug 1994,Mongolia
FL-2003-000350-MNG,Mongolia
FL-2010-000051-KAZ,Kazakhstan
FL-2011-000038-KAZ,Kazakhstan
FL-2024-000039-KAZ,Kazakhstan
FF-2014-000048-KAZ,Kazakhstan
FL-2008-000032-KAZ,Kazakhstan
FL-2015-000039-KAZ,Kazakhstan
FL-2012-000030-KAZ,Kazakhstan
FL-2001-000524-MLI,Mali
FL-2024-000144-MLI,Mali
FL-2010-000195-MLI,Mali
FL-2011-000129-MLI,Mali
FF-2007-000100-MLI,Mali
FL-2019-000100-MLI,Mali
Mali: Floods - Sep 1989,Mali
FL-2013-000104-MLI,Mali
FL-2016-000085-MLI,Mali
FL-2009-000176-MLI,Mali
FL-2017-000110-MLI,Mali
FL-2018-000140-MLI,Mali
FL-2012-000172-MLI,Mali
FL-2007-000144-LBR,Liberia
FL-2016-000071-LBR,Liberia
FL-2023-000167-LBR,Liberia
FL-2009-000179-LBR,Liberia
FL-2024-000116-LBR,Liberia
FL-2001-000252-ECU,Ecuador
subject,Ecuador
FL-2013-000051-ECU,Ecuador
FL-2023-000053-ECU,Ecuador
FL-2022-000164-ECU,Ecuador
FL-2007-000088-ECU,Ecuador
LS-2011-000104-ECU,Ecuador
FL-2025-000026-ECU,Ecuador
FL-1997-000526-ECU,Ecuador
FL-2010-000262-ECU,Ecuador
FL-2008-000018-ECU,Ecuador
FL-2024-000015-ECU,Ecuador
FL-1997-000092-ECU,Ecuador
FL-2002-000125-ECU,Ecuador
FL-2023-000094-ECU,Ecuador
FL-2009-000023-ECU,Ecuador
FL-2010-000023-ECU,Ecuador
FL-2012-000013-ECU,Ecuador
FL-2006-000034-ECU,Ecuador
FL-2024-000162-CMR,Cameroon
FL-2012-000157-CMR,Cameroon
FL-2008-000126-TCD,Cameroon
FL-2007-000149-CMR,Cameroon
FL-2014-000121-CMR,Cameroon
FL-2019-000119-CMR,Cameroon
FL-2013-000123-CMR,Cameroon
FL-2020-000195-CMR,Cameroon
name=Cameroon: Floods - Sep 1994,Cameroon
FF-2017-000122-CMR,Cameroon
FL-2022-000349-CMR,Cameroon
FL-2023-000063-CMR,Cameroon
FL-2023-000135-CMR,Cameroon
FF-2007-000113-GMB,Gambia
FL-2022-000276-GMB,Gambia
subject,Gambia
FL-2012-000175-GMB,Gambia
FL-1999-000286-GMB,Gambia
FL-2009-000177-GMB,Gambia
FL-1998-000040-URY,Uruguay
FL-2024-000048-URY,Uruguay
FL-2001-000236-URY,Uruguay
FL-2007-000057-URY,Uruguay
subject,Uruguay
FL-2019-000156-DJI,Djibouti
Djibouti: Floods - Apr 2004,Djibouti
Djibouti: Floods - Nov 1994,Djibouti
Djibouti: Floods - Apr 1989,Djibouti
1,Fiji
FL-2005-000169-FJI,Fiji
FL-2000-000806-FJI,Fiji
FL-2012-000009-FJI,Fiji
subject,Fiji
FL-2009-000010-FJI,Fiji
FL-2007-000025-FJI,Fiji
FL-2006-000178-JAM,Jamaica
FL-2002-000325-JAM,Jamaica
subject,Jamaica
FL-2015-000131-SLE,Sierra Leone
FL-2019-000089-SLE,Sierra Leone
FL-2024-000182-SLE,Sierra Leone
FL-2005-000139-SLE,Sierra Leone
FF-2022-000309-SLE,Sierra Leone
FL-2007-000177-SLE,Sierra Leone
FL-2012-000151-TCD,Chad
FL-2020-000192-TCD,Chad
Chad: Floods - Sep 1988,Chad
FL-2009-000186-TCD,Chad
FL-2001-000521-TCD,Chad
FL-2022-000287-TCD,Chad
FL-2023-000198-TCD,Chad
Chad: Floods in Am Timan - Jul 1985,Chad
FL-1999-000265-TCD,Chad
FL-2007-000151-TCD,Chad
FL-2021-000084-TCD,Chad
FL-2024-000139-TCD,Chad
FL-2000-000083-ZWE,Zimbabwe
FL-2013-000011-ZWE,Zimbabwe
FF-2014-000015-ZWE,Zimbabwe
FL-2001-000082-ZWE,Zimbabwe
FL-1999-000233-SVK,Slovakia
FL-1998-000224-SVK,Slovakia
FL-2014-000123-SSD,South Sudan
FL-2013-000108-SSD,South Sudan
FL-2019-000062-SSD,South Sudan
FL-2021-000108-SSD,South Sudan
FF-2011-000143-SSD,South Sudan
FL-2012-000128-SSD,South Sudan
FL-2024-000145-SSD,South Sudan
FL-2020-000193-SSD,South Sudan
FL-2017-000137-SSD,South Sudan
FL-2001-000320-TLS,East Timor
FL-2006-000029-NAM,Namibia
FL-2013-000028-NAM,Namibia
FL-2003-000220-NAM,Namibia
FL-2023-000021-NAM,Namibia
FL-2006-000057-SUR,Suriname
FL-2008-000095-SUR,Suriname
FL-2021-000068-SUR,Suriname
FF-2020-000240-ZMB,Zambia
FL-2022-000135-ZMB,Zambia
Zambia: Floods - Apr 2004,Zambia
FL-1998-000053-ZMB,Zambia
FL-2013-000023-ZMB,Zambia
FL-2023-000014-ZMB,Zambia
FL-2012-000067-RWA,Rwanda
FL-2015-000042-RWA,Rwanda
FL-2024-000064-RWA,Rwanda
FL-2019-000170-RWA,Rwanda
FL-2007-000159-RWA,Rwanda
FL-2008-000182-RWA,Rwanda
FL-2021-000049-RWA,Rwanda
FL-2011-000051-RWA,Rwanda
FL-2023-000064-RWA,Rwanda
FL-2018-000029-RWA,Rwanda
FL-2021-000209-MYS,Malaysia
FL-2009-000247-MYS,Malaysia
Malaysia: Floods - Dec 1993,Malaysia
FL-2022-000379-MYS,Malaysia
FL-2010-000161-MYS,Malaysia
FL-2021-000001-MYS,Malaysia
FL-2007-000222-MYS,Malaysia
FL-2017-000002-MYS,Malaysia
FL-2011-000021-MYS,Malaysia
FL-2021-000061-MYS,Malaysia
FL-2006-000189-MYS,Malaysia
FL-2021-000126-MYS,Malaysia
FL-2024-000218-MYS,Malaysia
FL-2019-000162-MYS,Malaysia
FL-2014-000168-MYS,Malaysia
FF-2012-000120-GEO,Georgia
FF-2013-000084-GEO,Georgia
FF-2011-000071-GEO,Georgia
FF-2023-000107-GEO,Georgia
FL-2020-000175-GEO,Georgia
FL-2019-000047-GEO,Georgia
FL-2021-000152-GEO,Georgia
FL-2018-000112-GEO,Georgia
FL-2005-000065-GEO,Georgia
subject,Georgia
FL-2015-000071-GEO,Georgia
FF-2012-000079-GEO,Georgia
FL-2022-000261-GEO,Georgia
FL-2022-000362-LCA,Saint Lucia
FF-2010-000204-LCA,Saint Lucia
FL-2012-000066-COM,Comoros
FL-2016-000114-EGY,Egypt
Egypt: Floods - Nov 1994,Egypt
FL-2010-000012-EGY,Egypt
FL-2020-000038-EGY,Egypt
FL-2021-000190-EGY,Egypt
FL-2010-000259-AUS,Australia
FL-2009-000251-SAU,Saudi Arabia
FL-2010-000136-YEM,Saudi Arabia
subject,Cuba
FL-2012-000089-CUB,Cuba
Cuba: Floods - May 1994,Cuba
Cuba: Floods - Jun 1993,Cuba
FL-2008-000230-CUB,Cuba
FL-2024-000043-CUB,Cuba
FL-2000-000484-BTN,Bhutan
Bhutan: Flash Flood - Oct 1994,Bhutan
FL-2012-000043-KGZ,Kyrgyzstan
FL-1998-000213-KGZ,Kyrgyzstan
FL-2024-000053-KGZ,Kyrgyzstan
FL-2005-000100-KGZ,Kyrgyzstan
FL-2023-000155-KGZ,Kyrgyzstan
FL-2010-000015-PSE,occupied Palestinian territory
FL-2012-000037-PSE,occupied Palestinian territory
FF-2008-000216-PSE,occupied Palestinian territory
FL-2013-000002-PSE,occupied Palestinian territory
FL-2010-000036-CYP,Cyprus
FL-1999-000132-BLR,Belarus
FL-2018-000034-BLR,Belarus
Belarus: Floods - Apr 1996,Belarus
Belarus: Floods - Aug 1993,Belarus
FL-2008-000198-BLZ,Belize
FL-2015-000151-BLZ,Belize
SS-2007-000063-MDV,Maldives
FL-2002-000479-CZE,Czech Republic
USA: Storms and Tornadoes - Apr 2011,United States of America
FL-2008-000088-USA,United States of America
FL-2009-000203-USA,United States of America
FL-2022-000312-BGR,Bulgaria
FL-2005-000098-BGR,Bulgaria
FL-2006-000045-HUN,Bulgaria
FL-2023-000144-SVN,Slovenia
FL-2008-000243-PNG,Kiribati
FL-2019-000031-SYR,Syrian Arab Republic
FL-2023-000042-SYR,Syrian Arab Republic
FL-2021-000007-SYR,Syrian Arab Republic
1,New Zealand
FL-2010-000031-PRT,Madeira Portugal
2012-000025-VUT,Tonga
FL-2009-000087-VUT,Vanuatu
FL-2023-000259-COG,Congo
FL-2001-000274-WSM,Samoa
1,Dominica